{
    "5inchDefault": {
        "Device": {
            "__I2CDevice": "/dev/i2c-7"
        },
        "Filter": {},
        "PID": {
            "Output": {
                "ESCControllerType": 2,
                "ESCPLFrequency": 1526,
                "_flag_A1_Pin": 15,
                "_flag_A2_Pin": 15,
                "_flag_B1_Pin": 15,
                "_flag_B2_Pin": 15
            }
        },
        "Sensor": {
            "_flag_MPU6500_A_X_Cali": 5272.6122929555695,
            "_flag_MPU6500_A_X_Scal": 0.9979673967267594,
            "_flag_MPU6500_A_Y_Cali": 7331.536670071499,
            "_flag_MPU6500_A_Y_Scal": 0.9961574006517824,
            "_flag_MPU6500_A_Z_Cali": 632.1451371837684,
            "_flag_MPU6500_A_Z_Scal": 0.9818616874261535,
            "_flag_MPU_Flip_Pitch": 0,
            "_flag_MPU_Flip__Roll": 180,
            "_flag_MPU_Flip___Yaw": 270
        }
    }
}